collaborator,event,year,month,day,group,url,note
MIT McCormick Hall,Raul's BBQ,2022,5,14,,https://www.instagram.com/p/CdjclBwOVsV/?psln=MTExMnAyMW84bjBuag==,
MIT Ring Committee 2024,Ring Delivery,2024,4,24,,https://www.instagram.com/p/CcviC3XO21F/?cplk=bm5manA3NjJmODdx,
MIT McCormick Hall,CPW 2022,2022,4,10,,https://www.instagram.com/p/CcLjl6JOLJh/?psln=MWN3MnUwaGZvZGduMQ==,
MIT Ring Committee 2029,Brass Rat Study Break,2026,10,5,,https://www.instagram.com/p/DeHq_9ilgC7/?vrfl=ODFmbjR3dTJzanAz,
MIT Future Fest,,2026,10,1,,https://www.instagram.com/p/Dd-PfCpM8bm,
MISTI,Go Fair 2026,2026,10,5,,https://www.instagram.com/p/DdolSIojRWf/?cplk=bmtkejJnZmF4M3Ju,
MISTI,poster,2026,9,,,,
MIT Alumni Association,Alumni Leadership Conference,2026,9,18,,,
MIT Office of the First Year,Campus Trade Card,2026,7,,,https://www.instagram.com/p/Dc2gzFvuOi4/?psln=MTYzMTc5MXJiMjEwZg==,
MIT Ohms,,2026,8,24,,https://www.instagram.com/p/DccMBOujo_I/?vrfl=MXhzdmJoZHB1bG5zOA==,
MIT 2023 Pi Reunion Committee,MIT 2023 Pi Reunion,2026,7,11,,https://www.instagram.com/p/DaFyyOAOTfJ/?obrf=cDRia2MxajJxYW9w,
MIT Class of 2026,MIT 2026 Senior Ball,2026,5,24,,,
MIT Nritya,Tarang dance show,2026,5,1,,https://www.instagram.com/p/DXzX-2XDiIf/?dlrf=MThlMmcyZzR2cm1xYQ==,
MIT Chancellor's Office,Postcard,2025,10,,,,
MIT Entrepreneurship Club,MIT Startup Career Fair,2026,2,11,,https://www.instagram.com/p/DUobWSEktMV/?dlrf=MWh6d242NTZ4d24zaQ==,
MIT Ring Committee 2028,Ring Premiere,2026,2,15,,https://www.instagram.com/p/DUzKaMuDBE8/?exln=MTd1NWExMWdkdDZ5NQ==,
MIT Ring Committee 2028,Brass Rat Study Break,2025,9,26,,https://www.instagram.com/p/DPFAsLWEkQw/?rpxt=cGp3bHgzNTQ0cTU5,
MISTI,GO Fair,2025,10,6,,https://www.instagram.com/p/DO_TIELDuRv/?rpxt=MTdhN2d5aTNkZTNmbQ==,
LOST,Moonchildren,2025,10,19,,https://www.instagram.com/p/DP_3-V-DtSC/?rpxt=MWFoamcxbHhwdzdnOQ==,
Next Sing,,2025,12,12,,https://www.instagram.com/p/DSJzGzJDgLi/?cplk=M3ByNHl4a3plZ283,
MIT Ring Committee 2027,Ring Delivery,2025,5,2,,,
The Chorallaries at MIT,,2025,5,9,,,
MIT Class of 2025,MIT 2025 Senior Ball,2025,5,21,,,
MISTI,MIT Class of 2029 MISTI poster,2025,8,,,,
East Campus,REX East Side Party,2025,8,26,,https://www.instagram.com/p/DO_TIELDuRv/?rpxt=MTdhN2d5aTNkZTNmbQ==,
MIT Figure Skating Club,,2025,1,26,,,
MIT CSSA,,2025,1,28,,,
MIT Ring Committee 2027,Ring Premiere,2025,2,16,,,
MIT Federal Credit Union,,2025,2,26,,,
MIT Technique,,2025,3,5,,,
MIT Artfinity,Coloring with Wide Tim,2025,3,4,,,
MIT Openspace,Pie with Wide Tim,2025,3,14,,https://calendar.mit.edu/event/bright-spot-pie-with-wide-tim,
MIT SAAS,,2025,4,2,,,
MIT Flow,,2025,4,7,,,
MIT COOP,CPW 2025,2025,4,17,,,
MIT ISA,,2025,4,24,,,
MIT SEB,Springfest,2025,4,30,,,
MIT Ballroom Dance Team,,2024,9,2,,,
MIT Glass Lab,,2024,9,26,,,
MIT Ring Committee 2027,Brass Rat Study Break,2024,10,10,,,
MISTI,GO Fair,2024,10,21,,,
MIT COOP,Family Weekend,2024,10,,,,
MIT Microsystems Technology Laboratories,,2024,11,19,,,
Next Sing,,2024,12,8,,,
MIT Ohms,,2024,5,5,,,
MIT Ring Committee 2026,Ring Delivery,2024,5,5,,,
MIT DanceTroupe,,2024,5,9,,,
MIT Logarhythms,,2024,5,12,,,
The Tech,,2024,5,30,,,
MITAC,Promfestapalooza,2024,10,5,,https://calendar.mit.edu/event/promfestapalooza-2024,
MIT Intercultural Office,,2024,7,,,,
MIT Federal Credit Union,,2024,8,27,,,
MIT Health,,2024,1,,,,
MIT Battlecode,,2024,1,18,,,
MIT Blueprint,,2024,1,31,,,
MIT Ring Committee 2026,Ring Premiere,2024,2,10,,,
MIT SOLE,,2024,2,,,,
MIT Chancellor's Office,Postcard,2024,2,,,,
MIT Admissions,A Journey to the WIDE,2024,2,13,,https://mitadmissions.org/blogs/entry/a-journey-to-the-w-i-d-e/,
MIT Technique,,2024,2,29,,,
MITvote,,2024,3,5,,,
MIT Shakespeare Ensemble,A Midsummer Night's Dream,2024,3,11,,,
MIT Donor Relations and Stewardship Office,Infinite Possibilities,2024,4,,,,
MIT Admissions,FIRST Robotics,2024,4,,,,
MIT Mince,,2024,4,4,,,
MIT Banana Lounge,,2024,4,4,,,
MIT Openspace,Lunchbreak with Wide Tim,2024,4,10,,https://www.openspace.mit.edu/calendar/lunch-break-with-wide-tim,
Martin Trust Center,mural,2023,9,5,,,
MathPrize for Girls,,2023,9,,,,
MIT Banana Lounge,,2023,9,13,,,
MIT Class of 2024,Disorientation,2023,9,16,,,
MIT Beaver Press,,2023,10,12,,,
MIT Activities Committee,,2023,10,,,,
Next Haunt,,2023,10,16,,,
SaveTFP,SpookySkates,2023,10,27,,,
MIT Concert Choir,,2023,10,27,,,
MIT Shakespeare Ensemble,,2023,11,3,,,
MIT Technology Licensing Office,,2023,11,,,,
MIT Symphony Orchestra,,2023,11,18,,,
MIT Logarhythms,,2023,12,3,,,
24.191,class poster,2026,1,,,,
24.191,class poster,2024,1,,,,
24.191,class poster,2025,1,,,,
MIT UA Innovation Committee,Craft Market,2023,12,10,,,
MIT Health,,2023,12,,,,
14.13,lecture,2023,5,4,,https://www.instagram.com/p/Cr1NMBLuS3t/?rpxt=amMwMTZiY2lnYnF3,Made it into Prof. Schilbach's presentation slides!
14.13,lecture,2024,4,,,,
14.13,lecture,2025,4,,,,
14.13,lecture,2026,4,,,,
Syncopasian,Concert,2023,5,6,,https://www.instagram.com/p/Cr2OnVVt44E/?cplk=MWh4cmF4a3l2NTRvcw==,
MIT Awards Convocation,MIT Awards Convocation 2023,2023,5,8,,,
MIT LIVE,Concert,2023,5,11,,https://www.instagram.com/p/Cr_OmkwOXQ6/?psln=MWQzMzh2bWR1ZXk5bA==,
MIT DanceTroupe,,2023,5,14,,,
2.00b,Playsentation,2023,5,15,,,
MIT Class of 2023,Senior Sunset,2023,5,16,,,
MIT Press,poster,2023,6,,,,
MIT Panhellenic,Recruitment Registration,2023,7,1,,,
MIT Office of the First Year,,2023,8,26,,,
Arts at MIT,SAA IAP art classes,2023,1,,,https://www.instagram.com/p/CmRvfiJuxNB/?xtok=aHV3dW43aTY0cmpi,
24.191,class poster,2023,1,,,,
@mitstudents,,2023,2,13,,,
MIT Ring Committee 2025,Ring Premiere,2023,2,25,,https://www.instagram.com/p/CpD_nJDu64m/?cplk=OWM2bWdjaHhteTRi,
Africans@MIT,AKWAABA!,2023,2,27,,https://www.instagram.com/p/CpLc6sKp2m9/?mdxt=MWltbDI0ODBtNHE4Mw==,
MIT Technology Review,The Beaver with the Infinite Smile,2023,2,,,https://www.technologyreview.com/2023/02/21/1067587/the-beaver-with-the-infinite-smile/,
MITSFS,Science Fiction Society Book Clean-out,2023,3,7,,https://www.instagram.com/p/CpgdCYBOUWL/?cplk=MTJqZnN2M2x0cTg4Ng==,
MIT MHH,Kindness Week,2023,3,13,,https://www.instagram.com/p/CptzIHTOgH5/?psln=azBlcGZqZGdoY3Nx,
MIT Department of Mathematics,Pi Day Celebration,2023,3,14,,https://www.instagram.com/p/CpxBwwYOSrd/?rpxt=ajR3cm5sYXc2dzQw,
MIT Admissions,Regular Decision '27,2023,3,14,,https://www.instagram.com/p/CpyT7nGOv5Y/?vrfl=MTRjMm5qM3oyajJ3ZQ==,
MIT Shakespeare Ensemble,Julius Caesar,2023,3,18,,https://www.instagram.com/p/Cp9PnPyNVnG/?dlrf=bXMxbGVwNTEwZmt2,
MIT VPR,awareness post,2023,4,5,,https://www.instagram.com/p/Cqq1np7ORZ0/?exln=eWlnY2hob2FoZ2F1,
MIT Fixation,Showcase - Kalaidoscope,2023,4,10,,https://www.instagram.com/p/Cq3H6IuO9hP/?cplk=N25ja2hxYTQwb3Zj,
Next Act,Remembering Her,2023,4,15,,https://www.instagram.com/p/CrJFrRXOiYa/?obrf=MXN2d3RkZzB3Z3k3aQ==,
MIT VGO,Concert,2023,4,22,,https://www.instagram.com/p/CrV473MOX3U/?srtk=MWg5d25td3FveGZxZQ==,
MIT Office of the President,Pres. Kornbluth's Inaugural Fair,2023,4,29,,https://www.instagram.com/p/CrjKjtouBho/?srtk=MWZzNGhmajJoM2E4Nw==,
MIT Spinning Arts,REX Fire Spinning Show,2022,9,3,,https://www.instagram.com/p/CiD7WeRu_bs/?rpxt=MXJpczc3bjBsaXllNA==,
MIT Museum,Museum Preview,2022,9,30,,https://www.instagram.com/p/CjJ5l_4OdSw/?xtok=ZXBlazRuajBhcGxn,
MathPrize for Girls,,2022,10,8,,,
MIT Family Weekend,Family Weekend A Cappella Concert,2022,10,28,,https://www.instagram.com/p/CkSMxgTObaJ/?vrfl=MTZ5dWl5aGt5cTFmOA==,
East Campus,Pumpkin Drop,2022,10,31,,https://www.instagram.com/p/CkZ0pjaO71Z/?obrf=MXB3Y2wycG1mZWR6ZQ==,
MITvote,Vote Day Pub,2022,11,8,,https://www.instagram.com/p/Cks7FxAuF59/?psln=NWZlOXlyNXBqOXZh,
MIT ESP,Splash,2022,11,19,,https://www.instagram.com/p/ClKQ4znOc2F/?obrf=bHhkcW91dzB4MTJp,
MIT News,Spreading Joy with Wide Tim,2022,11,29,,https://news.mit.edu/2022/spreading-joy-with-wide-tim-1129,
MIT UA Innovation Committee,Craft Market,2022,12,2,,https://www.instagram.com/p/ClrBkE7ub0m/?cplk=d29qdmVtZjF0ZHQz,
G@MIT,ELAGANZA Ball,2022,12,10,,https://www.instagram.com/p/Cl_7JvxOPx2/?psln=MTNzZDY5dW95MDF5Nw==,
2.009,Project Launch,2022,12,12,,https://www.instagram.com/p/Cl_7JvxOPx2/?psln=MTNzZDY5dW95MDF5Nw==,
MIT Admissions,MIT EA Decision,2022,12,17,,https://www.instagram.com/p/CmRvfiJuxNB/?xtok=aHV3dW43aTY0cmpi,
@mitpics,MIT Finals Season,2022,12,16,,https://www.instagram.com/reel/CmPfTdINg-S/?obrf=MTNpZWpkbWJiNXo5eg==,
MIT BSA,Pohela Boishakh,2022,5,3,,https://www.instagram.com/p/CdHr3d_uz6E/?rpxt=eGxpOGx1cmF6YTd6,
MIT Rambax,Concert,2022,5,7,,https://www.instagram.com/p/CdRWYYFuH96/?mdxt=MXh6bHAxM3A2aW03NQ==,
2.00b,Playsentation 2022,2022,5,9,,https://www.instagram.com/p/CdXO0ppufvu/?xtok=bDFhaXQ5NXNwcmw5,
MIT Asian Dance Team,Showcase,2022,5,10,,https://www.instagram.com/p/CdYVULTOvhw/?vrfl=MW44dWVyZm43eHlscA==,
MIT Commencement,,2022,5,28,,,
Rainbow Lounge,,2022,6,7,,https://www.instagram.com/p/CehkXRWOgC-/?cplk=MTh0ZGNtOWs5MzZnMg==,
First-Year Arts Program,,2022,8,23,,,
The Borderline @ MIT,post,2021,12,26,,https://www.instagram.com/p/CX7yMZ3tlyd/?exln=MTVuMXR5cWZscHJlbQ==,
East Campus,Bad Ideas Weekend,2022,1,22,,,
MIT Dance Dance Revolution,post,2022,1,25,,https://www.instagram.com/p/CZKaKp_udwK/?psln=MTNyMG44Zmg0YXV4dw==,
MIT Lion Dance,Lion Dance Show,2022,4,16,,https://www.instagram.com/p/CcRhZ-vugkz/?rpxt=MTdsaGdhY2ZrYWtkOQ==,
The Baker Foundation,Spirit Day,2022,4,22,,https://www.instagram.com/p/CcqF_w-uWfI/?cplk=MTZoNmppemwxZ213cg==,
MIT SAAS,HOLI,2022,4,23,,https://www.instagram.com/p/CcuEMauODFX/?dlrf=MXR1MGVqZGNoM2luMg==,
MIT Admissions,MIT Class of 2028 poster,2023,12,,,,
MIT Admissions,CPW 2026,2026,4,16,,,
MIT Admissions,CPW 2025,2025,4,17,,,
MIT Admissions,CPW 2024,2024,4,11,,,
MIT Admissions,CPW 2023,2023,4,13,,,
MIT Admissions,CPW 2022,2022,4,7,,,
MIT Lion Dance,,2025,4,25,,,
MIT Welcome Center,Coloring with Wide Tim,2025,3,,,,
The Borderline @ MIT,the Storywall Mural,2021,9,,,,
MathPrize for Girls,,2024,9,,,,
MathPrize for Girls,,2025,10,11,,,
